Duration,Protocol_type,Service,Flag,Src_bytes,Dst_bytes,Is_anomaly
10,TCP,DNS,SF,300,804,0.0
9,UDP,HTTP,SF,294,1155,0.0
11,TCP,HTTP,SF,558,1056,0.0
13,UDP,DNS,SF,526,1033,0.0
9,TCP,DNS,SF,543,948,0.0
9,TCP,HTTP,SF,513,924,0.0
13,TCP,HTTP,SF,521,831,0.0
11,TCP,HTTP,SF,596,1186,0.0
9,UDP,FTP,SF,544,859,0.0
11,TCP,DNS,REJ,604,1041,0.0
9,UDP,FTP,S0,517,1332,0.0
9,TCP,DNS,SF,469,933,0.0
10,TCP,DNS,SF,519,1192,0.0
6,TCP,DNS,SF,416,1113,0.0
6,UDP,DNS,SF,462,1062,0.0
8,TCP,DNS,SF,517,1086,0.0
7,UDP,DNS,SF,516,981,0.0
10,UDP,DNS,SF,489,1006,0.0
8,UDP,FTP,SF,361,890,0.0
7,UDP,HTTP,SF,563,1008,0.0
12,UDP,HTTP,SF,583,882,0.0
9,UDP,FTP,S0,664,1201,0.0
10,UDP,FTP,SF,544,660,0.0
7,UDP,FTP,SF,500,1096,0.0
8,UDP,FTP,SF,398,1067,0.0
10,TCP,DNS,SF,649,1049,0.0
62,TCP,HTTP,SF,11149,56,1.0
53,TCP,DNS,SF,10252,65,1.0
8,TCP,HTTP,SF,474,1051,0.0
9,TCP,HTTP,SF,468,656,0.0
8,UDP,FTP,SF,568,916,0.0
54,UDP,DNS,REJ,8901,56,1.0
9,UDP,FTP,SF,662,732,0.0
7,UDP,DNS,SF,640,1031,0.0
11,UDP,HTTP,SF,464,864,0.0
7,UDP,FTP,SF,413,977,0.0
10,UDP,FTP,SF,298,876,0.0
6,TCP,HTTP,SF,374,750,0.0
7,TCP,HTTP,SF,572,1077,0.0
10,TCP,HTTP,SF,531,990,0.0
11,TCP,FTP,REJ,549,1122,0.0
10,UDP,DNS,SF,315,1158,0.0
9,UDP,FTP,SF,460,1245,0.0
9,UDP,DNS,SF,636,1026,0.0
7,TCP,FTP,S0,490,1253,0.0
8,UDP,FTP,SF,372,804,0.0
9,UDP,HTTP,SF,488,1181,0.0
12,UDP,DNS,SF,422,1091,0.0
10,TCP,FTP,SF,533,1046,0.0
6,UDP,FTP,SF,502,1088,0.0
10,TCP,HTTP,SF,554,807,0.0
9,TCP,HTTP,SF,378,760,0.0
8,TCP,DNS,SF,455,1341,0.0
11,TCP,FTP,SF,609,966,0.0
12,UDP,DNS,SF,364,963,0.0
11,TCP,FTP,REJ,399,779,0.0
8,TCP,DNS,SF,519,703,0.0
9,UDP,HTTP,REJ,528,982,0.0
10,UDP,FTP,SF,451,931,0.0
11,TCP,DNS,SF,472,1000,0.0
9,UDP,HTTP,SF,553,1017,0.0
9,TCP,HTTP,SF,584,1497,0.0
7,TCP,DNS,SF,393,932,0.0
7,TCP,FTP,SF,536,1315,0.0
11,TCP,FTP,SF,651,1328,0.0
12,UDP,HTTP,S0,488,1150,0.0
9,TCP,FTP,SF,392,952,0.0
12,UDP,FTP,SF,387,727,0.0
10,UDP,FTP,SF,483,1095,0.0
8,UDP,HTTP,SF,603,1203,0.0
10,UDP,DNS,SF,495,1349,0.0
53,TCP,FTP,SF,11138,44,1.0
9,UDP,HTTP,SF,400,951,0.0
13,TCP,HTTP,SF,598,811,0.0
4,UDP,DNS,SF,385,873,0.0
11,UDP,FTP,SF,449,1132,0.0
10,TCP,FTP,SF,562,864,0.0
9,TCP,DNS,SF,296,835,0.0
10,TCP,DNS,SF,517,1159,0.0
6,UDP,HTTP,SF,396,1090,0.0
9,UDP,HTTP,SF,501,1070,0.0
10,TCP,DNS,SF,464,869,0.0
12,TCP,FTP,SF,710,1258,0.0
8,TCP,HTTP,SF,460,1002,0.0
8,TCP,HTTP,SF,684,1476,0.0
8,UDP,FTP,SF,558,1032,0.0
11,TCP,HTTP,SF,419,533,0.0
10,TCP,FTP,SF,533,524,0.0
8,TCP,FTP,SF,469,1124,0.0
11,TCP,FTP,SF,524,1260,0.0
10,UDP,DNS,SF,428,843,0.0
11,TCP,DNS,SF,669,1420,0.0
8,UDP,DNS,SF,592,1332,0.0
9,TCP,FTP,SF,503,1042,0.0
9,TCP,FTP,SF,672,1107,0.0
7,UDP,DNS,SF,507,1178,0.0
10,TCP,HTTP,SF,609,1377,0.0
59,UDP,FTP,SF,5627,41,1.0
10,UDP,HTTP,SF,539,1037,0.0
9,TCP,HTTP,SF,491,1134,0.0
7,UDP,FTP,SF,509,1107,0.0
9,UDP,FTP,SF,517,1184,0.0
9,UDP,HTTP,SF,433,685,0.0
8,UDP,HTTP,SF,459,1063,0.0
9,UDP,DNS,SF,478,1092,0.0
10,UDP,DNS,SF,522,985,0.0
13,UDP,FTP,SF,496,1156,0.0
10,UDP,DNS,SF,617,1384,0.0
10,TCP,DNS,SF,584,1027,0.0
9,TCP,DNS,SF,480,1138,0.0
6,UDP,DNS,SF,638,1321,0.0
9,TCP,HTTP,SF,687,1032,0.0
10,UDP,FTP,SF,295,822,0.0
14,UDP,DNS,SF,593,1123,0.0
9,TCP,HTTP,SF,430,559,0.0
10,UDP,HTTP,SF,580,540,0.0
9,UDP,HTTP,SF,623,1066,0.0
7,UDP,DNS,SF,412,531,0.0
12,UDP,DNS,SF,314,736,0.0
11,TCP,FTP,SF,583,923,0.0
11,UDP,DNS,SF,513,855,0.0
8,UDP,DNS,S0,333,970,0.0
12,UDP,HTTP,SF,752,1222,0.0
7,TCP,FTP,SF,562,1047,0.0
11,UDP,DNS,SF,567,832,0.0
14,TCP,DNS,SF,636,1270,0.0
8,TCP,HTTP,SF,441,714,0.0
8,UDP,HTTP,SF,513,1044,0.0
10,UDP,DNS,SF,368,691,0.0
8,TCP,FTP,SF,439,1050,0.0
6,UDP,FTP,SF,538,936,0.0
10,TCP,HTTP,SF,333,1216,0.0
7,TCP,HTTP,SF,436,1144,0.0
10,UDP,DNS,SF,407,882,0.0
8,UDP,HTTP,SF,514,844,0.0
13,TCP,DNS,SF,557,936,0.0
8,TCP,FTP,SF,574,1375,0.0
9,TCP,FTP,SF,599,1323,0.0
11,TCP,DNS,SF,637,806,0.0
7,UDP,HTTP,S0,560,1160,0.0
10,UDP,FTP,SF,688,653,0.0
12,UDP,HTTP,S0,511,910,0.0
6,UDP,FTP,SF,482,814,0.0
10,UDP,DNS,SF,560,1213,0.0
10,TCP,DNS,SF,478,741,0.0
11,UDP,DNS,SF,685,1085,0.0
7,UDP,FTP,SF,613,1000,0.0
45,UDP,HTTP,S0,10118,31,1.0
11,UDP,HTTP,S0,513,1334,0.0
10,UDP,HTTP,SF,459,1351,0.0
10,TCP,FTP,SF,570,971,0.0
10,TCP,FTP,S0,387,930,0.0
8,TCP,FTP,SF,653,698,0.0
10,UDP,FTP,SF,482,999,0.0
10,TCP,FTP,SF,530,1390,0.0
8,TCP,HTTP,SF,409,974,0.0
13,UDP,FTP,S0,572,1145,0.0
10,UDP,FTP,SF,454,720,0.0
7,UDP,HTTP,SF,564,913,0.0
11,TCP,FTP,SF,575,1092,0.0
8,TCP,HTTP,SF,435,1021,0.0
11,UDP,HTTP,SF,387,1164,0.0
12,UDP,DNS,SF,653,879,0.0
8,TCP,DNS,SF,480,650,0.0
11,TCP,DNS,SF,522,1224,0.0
10,UDP,DNS,SF,548,812,0.0
11,UDP,FTP,S0,374,1101,0.0
13,TCP,DNS,SF,546,1090,0.0
9,UDP,HTTP,SF,509,667,0.0
8,TCP,FTP,SF,435,1209,0.0
8,TCP,DNS,REJ,384,886,0.0
8,TCP,HTTP,SF,560,1011,0.0
9,TCP,FTP,SF,612,928,0.0
10,UDP,FTP,SF,517,1324,0.0
10,UDP,DNS,SF,356,1268,0.0
11,TCP,FTP,SF,394,637,0.0
10,TCP,HTTP,SF,456,1451,0.0
12,TCP,FTP,SF,656,864,0.0
9,TCP,HTTP,SF,475,1420,0.0
15,TCP,FTP,SF,453,948,0.0
11,UDP,DNS,SF,332,931,0.0
8,UDP,HTTP,SF,434,950,0.0
7,UDP,FTP,SF,376,919,0.0
10,UDP,FTP,SF,399,1504,0.0
9,TCP,FTP,SF,511,984,0.0
11,TCP,HTTP,SF,459,939,0.0
10,TCP,HTTP,SF,669,1015,0.0
39,TCP,HTTP,SF,10791,36,1.0
8,TCP,DNS,SF,439,1319,0.0
6,UDP,DNS,SF,408,705,0.0
9,TCP,HTTP,SF,638,877,0.0
11,UDP,FTP,SF,666,1187,0.0
10,UDP,DNS,SF,280,1008,0.0
7,UDP,HTTP,S0,509,1109,0.0
10,UDP,FTP,SF,474,1306,0.0
10,TCP,DNS,SF,564,1200,0.0
8,UDP,FTP,REJ,694,1027,0.0
10,UDP,FTP,SF,451,1417,0.0
10,UDP,FTP,SF,293,874,0.0
7,TCP,FTP,SF,557,979,0.0
10,TCP,DNS,SF,638,993,0.0
11,TCP,DNS,SF,469,979,0.0
12,UDP,DNS,SF,429,786,0.0
12,UDP,HTTP,SF,456,683,0.0
7,TCP,DNS,SF,585,1083,0.0
8,UDP,FTP,SF,454,873,0.0
49,TCP,DNS,SF,5732,30,1.0
11,TCP,FTP,SF,502,985,0.0
11,UDP,HTTP,SF,492,949,0.0
17,UDP,FTP,SF,570,1218,0.0
11,UDP,FTP,S0,452,1080,0.0
12,UDP,FTP,SF,456,964,0.0
11,TCP,HTTP,SF,579,871,0.0
11,TCP,DNS,S0,401,1731,0.0
9,TCP,DNS,SF,411,1072,0.0
11,TCP,HTTP,SF,373,1216,0.0
8,TCP,FTP,SF,584,795,0.0
9,UDP,DNS,S0,489,884,0.0
9,TCP,HTTP,SF,368,1422,0.0
10,TCP,DNS,SF,585,1279,0.0
14,TCP,HTTP,SF,444,1091,0.0
6,UDP,FTP,SF,412,923,0.0
11,UDP,DNS,SF,480,953,0.0
6,UDP,HTTP,SF,647,864,0.0
9,UDP,DNS,SF,460,768,0.0
12,TCP,DNS,SF,557,1184,0.0
10,TCP,DNS,SF,572,1107,0.0
7,UDP,DNS,SF,544,1147,0.0
8,UDP,HTTP,SF,627,932,0.0
11,TCP,FTP,SF,429,1051,0.0
8,TCP,HTTP,SF,395,913,0.0
10,UDP,HTTP,SF,393,854,0.0
10,UDP,HTTP,SF,485,1333,0.0
8,UDP,FTP,SF,405,1024,0.0
14,UDP,DNS,SF,514,1101,0.0
11,TCP,DNS,SF,507,1167,0.0
5,TCP,DNS,SF,601,1026,0.0
10,TCP,FTP,SF,529,1048,0.0
8,UDP,DNS,SF,458,782,0.0
11,UDP,FTP,SF,541,820,0.0
8,TCP,DNS,SF,396,810,0.0
9,TCP,DNS,SF,496,1121,0.0
11,TCP,HTTP,SF,531,1014,0.0
11,TCP,FTP,SF,512,820,0.0
7,UDP,HTTP,SF,541,1116,0.0
9,TCP,HTTP,SF,435,1108,0.0
9,TCP,HTTP,SF,615,861,0.0
37,TCP,FTP,SF,11505,61,1.0
13,TCP,FTP,SF,339,1109,0.0
10,TCP,DNS,SF,378,828,0.0
38,TCP,HTTP,SF,10514,45,1.0
11,TCP,DNS,SF,474,1060,0.0
14,UDP,HTTP,SF,689,800,0.0
12,UDP,FTP,SF,521,1043,0.0
6,UDP,FTP,S0,639,1073,0.0
9,UDP,FTP,SF,295,874,0.0
12,TCP,HTTP,SF,581,890,0.0
8,UDP,FTP,SF,428,798,0.0
10,UDP,HTTP,SF,426,910,0.0
11,TCP,DNS,SF,475,997,0.0
8,TCP,HTTP,REJ,357,891,0.0
9,UDP,DNS,SF,544,703,0.0
3,UDP,HTTP,SF,519,862,0.0
7,TCP,DNS,SF,526,916,0.0
9,UDP,FTP,SF,588,1163,0.0
7,TCP,DNS,SF,651,1118,0.0
13,TCP,FTP,SF,463,1167,0.0
7,TCP,FTP,SF,547,852,0.0
9,TCP,DNS,SF,529,1028,0.0
10,UDP,HTTP,SF,537,515,0.0
12,TCP,HTTP,SF,539,1085,0.0
7,TCP,HTTP,SF,659,1122,0.0
12,UDP,HTTP,SF,454,929,0.0
10,TCP,HTTP,SF,347,1059,0.0
8,UDP,FTP,REJ,430,697,0.0
10,UDP,HTTP,SF,575,839,0.0
10,UDP,FTP,S0,502,1153,0.0
8,TCP,FTP,SF,453,1102,0.0
10,UDP,FTP,SF,392,917,0.0
9,UDP,DNS,SF,522,1162,0.0
10,TCP,DNS,S0,564,1027,0.0
11,UDP,FTP,SF,530,899,0.0
13,UDP,DNS,SF,474,963,0.0
7,UDP,HTTP,SF,514,908,0.0
14,UDP,HTTP,SF,514,763,0.0
6,UDP,FTP,SF,518,1251,0.0
9,TCP,HTTP,SF,381,886,0.0
11,UDP,FTP,S0,519,833,0.0
10,UDP,FTP,SF,455,694,0.0
8,TCP,HTTP,SF,604,472,0.0
9,TCP,DNS,SF,513,1140,0.0
9,TCP,HTTP,SF,583,1158,0.0
8,UDP,HTTP,SF,469,1238,0.0
11,TCP,FTP,SF,473,970,0.0
10,UDP,FTP,SF,649,935,0.0
8,UDP,FTP,S0,543,898,0.0
41,TCP,FTP,REJ,12863,66,1.0
10,TCP,DNS,SF,589,1223,0.0
11,UDP,DNS,S0,446,994,0.0
11,TCP,DNS,SF,522,1075,0.0
57,UDP,FTP,SF,7443,45,1.0
8,TCP,FTP,SF,356,1264,0.0
11,TCP,FTP,SF,482,619,0.0
11,TCP,DNS,SF,540,755,0.0
9,UDP,FTP,SF,576,1075,0.0
10,TCP,HTTP,SF,375,1350,0.0
12,UDP,HTTP,SF,346,954,0.0
8,UDP,FTP,SF,609,831,0.0
11,UDP,HTTP,SF,427,1200,0.0
9,UDP,HTTP,REJ,423,1064,0.0
9,TCP,DNS,SF,655,1258,0.0
12,UDP,FTP,SF,506,741,0.0
11,UDP,FTP,SF,507,1242,0.0
11,TCP,DNS,SF,482,690,0.0
12,UDP,HTTP,SF,377,942,0.0
10,TCP,HTTP,SF,567,1082,0.0
40,UDP,FTP,SF,10620,51,1.0
9,TCP,HTTP,REJ,516,1212,0.0
10,UDP,DNS,SF,488,634,0.0
9,TCP,DNS,SF,470,1028,0.0
10,UDP,FTP,SF,591,1239,0.0
11,UDP,DNS,S0,485,1011,0.0
8,TCP,DNS,SF,493,771,0.0
14,TCP,FTP,SF,552,1201,0.0
7,TCP,DNS,SF,520,870,0.0
7,TCP,DNS,SF,664,835,0.0
12,UDP,DNS,SF,323,809,0.0
11,UDP,HTTP,SF,529,960,0.0
11,TCP,FTP,SF,429,1036,0.0
11,UDP,FTP,SF,405,746,0.0
9,TCP,FTP,SF,454,787,0.0
8,TCP,HTTP,REJ,505,861,0.0
10,UDP,HTTP,REJ,509,809,0.0
8,UDP,FTP,SF,348,1007,0.0
11,UDP,HTTP,SF,445,1072,0.0
9,UDP,FTP,SF,528,1044,0.0
8,UDP,HTTP,SF,412,1045,0.0
9,UDP,DNS,SF,388,1334,0.0
10,UDP,DNS,SF,274,1084,0.0
8,TCP,FTP,SF,433,1156,0.0
41,TCP,HTTP,REJ,10767,66,1.0
10,TCP,HTTP,SF,401,1188,0.0
63,TCP,DNS,SF,8377,50,1.0
8,TCP,DNS,SF,440,1082,0.0
9,UDP,HTTP,SF,383,725,0.0
10,TCP,HTTP,SF,288,1033,0.0
7,TCP,HTTP,SF,530,804,0.0
7,TCP,HTTP,SF,575,1187,0.0
8,TCP,HTTP,SF,460,1175,0.0
9,TCP,HTTP,SF,473,906,0.0
10,TCP,FTP,SF,500,1409,0.0
12,TCP,HTTP,SF,657,942,0.0
11,UDP,DNS,SF,343,677,0.0
9,UDP,FTP,SF,458,844,0.0
9,TCP,HTTP,SF,327,791,0.0
7,UDP,DNS,SF,536,1075,0.0
9,UDP,FTP,SF,485,752,0.0
9,UDP,DNS,SF,520,892,0.0
10,UDP,HTTP,SF,515,1062,0.0
8,TCP,HTTP,S0,599,1027,0.0
42,UDP,HTTP,SF,7866,71,1.0
13,UDP,HTTP,REJ,583,1025,0.0
9,UDP,FTP,REJ,393,925,0.0
10,TCP,FTP,SF,619,679,0.0
11,TCP,DNS,SF,427,920,0.0
9,TCP,HTTP,SF,433,1093,0.0
10,TCP,DNS,SF,527,972,0.0
10,TCP,FTP,SF,530,1078,0.0
10,TCP,HTTP,SF,392,882,0.0
8,TCP,HTTP,SF,482,1198,0.0
10,UDP,FTP,SF,648,488,0.0
10,UDP,FTP,SF,353,1028,0.0
12,UDP,FTP,SF,648,1269,0.0
11,TCP,FTP,REJ,475,1299,0.0
14,TCP,FTP,SF,266,953,0.0
8,TCP,HTTP,SF,363,734,0.0
59,TCP,FTP,SF,12102,66,1.0
10,TCP,HTTP,SF,437,989,0.0
14,UDP,HTTP,S0,489,968,0.0
8,UDP,FTP,SF,229,821,0.0
8,TCP,FTP,REJ,518,750,0.0
8,TCP,HTTP,SF,394,1112,0.0
5,TCP,FTP,SF,639,1133,0.0
8,TCP,FTP,SF,472,1040,0.0
8,UDP,FTP,SF,594,847,0.0
10,TCP,DNS,REJ,611,787,0.0
10,TCP,HTTP,SF,608,713,0.0
13,TCP,DNS,SF,443,887,0.0
11,TCP,FTP,SF,442,798,0.0
8,UDP,DNS,SF,477,658,0.0
8,TCP,FTP,SF,563,1130,0.0
10,TCP,DNS,SF,448,736,0.0
7,UDP,FTP,SF,488,1196,0.0
13,UDP,DNS,SF,527,1078,0.0
12,UDP,DNS,SF,409,1058,0.0
9,TCP,DNS,SF,403,1333,0.0
6,TCP,HTTP,SF,484,742,0.0
12,UDP,DNS,S0,497,1174,0.0
9,UDP,HTTP,SF,543,940,0.0
12,UDP,FTP,SF,567,1514,0.0
6,UDP,DNS,SF,390,923,0.0
8,UDP,FTP,SF,418,891,0.0
10,UDP,FTP,SF,402,1085,0.0
10,TCP,DNS,SF,641,958,0.0
9,TCP,HTTP,SF,487,848,0.0
11,TCP,DNS,SF,501,805,0.0
7,UDP,FTP,SF,505,1291,0.0
9,UDP,FTP,SF,428,767,0.0
10,UDP,DNS,SF,656,1044,0.0
11,UDP,HTTP,SF,541,1211,0.0
11,UDP,HTTP,SF,503,1220,0.0
7,UDP,FTP,SF,389,879,0.0
6,TCP,FTP,SF,383,958,0.0
12,TCP,HTTP,SF,469,919,0.0
10,UDP,DNS,SF,430,692,0.0
8,TCP,FTP,SF,393,1107,0.0
13,UDP,HTTP,SF,462,1007,0.0
10,TCP,FTP,SF,478,1288,0.0
12,UDP,DNS,SF,514,835,0.0
10,UDP,HTTP,SF,449,1217,0.0
14,TCP,FTP,SF,399,1231,0.0
13,TCP,DNS,SF,402,1009,0.0
9,UDP,FTP,SF,621,565,0.0
11,UDP,DNS,SF,374,897,0.0
11,TCP,DNS,SF,536,1357,0.0
12,TCP,HTTP,S0,551,1059,0.0
8,UDP,DNS,SF,487,1138,0.0
11,TCP,FTP,SF,676,982,0.0
12,UDP,DNS,SF,550,955,0.0
6,UDP,DNS,SF,684,626,0.0
7,UDP,HTTP,SF,434,1158,0.0
5,UDP,DNS,SF,436,1215,0.0
9,TCP,DNS,SF,552,809,0.0
11,TCP,FTP,SF,473,964,0.0
61,TCP,HTTP,SF,8284,46,1.0
10,TCP,HTTP,SF,534,1084,0.0
13,TCP,HTTP,SF,395,891,0.0
7,TCP,DNS,SF,326,1186,0.0
6,TCP,HTTP,SF,492,1014,0.0
9,UDP,DNS,SF,491,490,0.0
10,TCP,DNS,SF,531,1088,0.0
9,TCP,FTP,SF,621,1199,0.0
5,UDP,FTP,SF,607,769,0.0
9,TCP,FTP,SF,442,1081,0.0
7,TCP,FTP,SF,370,1365,0.0
11,UDP,FTP,SF,376,1022,0.0
10,TCP,DNS,SF,426,1228,0.0
8,TCP,DNS,SF,463,911,0.0
8,TCP,HTTP,SF,530,996,0.0
7,UDP,DNS,SF,419,959,0.0
9,TCP,DNS,SF,528,922,0.0
11,TCP,FTP,SF,536,970,0.0
8,UDP,DNS,REJ,514,673,0.0
11,TCP,FTP,SF,387,933,0.0
8,UDP,HTTP,SF,546,1267,0.0
8,UDP,HTTP,SF,708,807,0.0
9,TCP,DNS,SF,524,786,0.0
7,UDP,HTTP,SF,204,1012,0.0
8,UDP,DNS,SF,624,1022,0.0
7,TCP,HTTP,SF,429,1075,0.0
13,UDP,FTP,SF,726,977,0.0
10,UDP,FTP,SF,511,1014,0.0
8,TCP,FTP,SF,331,929,0.0
10,TCP,FTP,SF,293,744,0.0
53,TCP,DNS,SF,9277,40,1.0
9,UDP,HTTP,SF,610,1144,0.0
11,TCP,DNS,SF,722,1103,0.0
11,UDP,FTP,SF,501,651,0.0
8,UDP,DNS,S0,494,1050,0.0
8,UDP,HTTP,SF,461,821,0.0
9,UDP,DNS,SF,434,1278,0.0
5,UDP,HTTP,SF,460,1065,0.0
6,UDP,DNS,SF,521,1179,0.0
12,UDP,HTTP,SF,415,1004,0.0
13,TCP,HTTP,SF,333,986,0.0
9,TCP,FTP,REJ,515,1299,0.0
11,UDP,HTTP,SF,413,1194,0.0
10,UDP,FTP,SF,176,1023,0.0
16,TCP,FTP,SF,555,960,0.0
12,UDP,FTP,SF,389,658,0.0
9,TCP,DNS,SF,566,1064,0.0
47,TCP,DNS,SF,12319,56,1.0
6,TCP,DNS,SF,528,1110,0.0
10,UDP,DNS,SF,749,1171,0.0
50,UDP,HTTP,SF,10638,35,1.0
7,TCP,HTTP,SF,471,1067,0.0
8,TCP,DNS,SF,568,790,0.0
7,TCP,HTTP,SF,494,570,0.0
13,TCP,HTTP,SF,616,835,0.0
11,TCP,FTP,SF,373,1266,0.0
9,UDP,FTP,SF,374,1364,0.0
12,TCP,FTP,SF,576,952,0.0
10,UDP,FTP,SF,383,707,0.0
8,TCP,HTTP,SF,560,870,0.0
13,UDP,DNS,SF,537,1227,0.0
11,UDP,HTTP,SF,430,881,0.0
7,UDP,HTTP,SF,536,1117,0.0
9,UDP,HTTP,SF,376,1033,0.0
8,UDP,FTP,SF,400,1142,0.0
7,UDP,FTP,SF,476,1363,0.0
46,TCP,FTP,S0,8667,64,1.0
13,UDP,DNS,SF,469,1029,0.0
7,TCP,HTTP,SF,543,1385,0.0
11,UDP,DNS,SF,538,1069,0.0
8,UDP,FTP,SF,652,841,0.0
9,TCP,DNS,SF,490,1137,0.0
8,UDP,HTTP,SF,619,1089,0.0
8,TCP,HTTP,SF,592,938,0.0
10,TCP,FTP,SF,729,896,0.0
8,TCP,FTP,SF,487,940,0.0
10,TCP,DNS,SF,457,893,0.0
9,UDP,FTP,SF,625,946,0.0
9,UDP,FTP,SF,538,831,0.0
8,TCP,HTTP,SF,628,1077,0.0
8,UDP,FTP,SF,571,1062,0.0
11,UDP,FTP,SF,289,1069,0.0
11,TCP,HTTP,SF,537,987,0.0
8,UDP,HTTP,REJ,531,964,0.0
10,TCP,DNS,SF,513,1288,0.0
11,TCP,FTP,REJ,486,1013,0.0
6,UDP,HTTP,SF,340,1252,0.0
11,UDP,DNS,SF,587,800,0.0
8,UDP,DNS,SF,537,1117,0.0
11,TCP,FTP,SF,610,853,0.0
8,TCP,FTP,SF,346,888,0.0
6,UDP,DNS,SF,550,917,0.0
6,UDP,HTTP,SF,476,905,0.0
10,UDP,DNS,SF,514,906,0.0
10,UDP,FTP,SF,477,1243,0.0
8,TCP,HTTP,SF,554,1009,0.0
11,UDP,HTTP,S0,483,1045,0.0
6,TCP,DNS,SF,394,908,0.0
9,TCP,FTP,REJ,508,1171,0.0
7,UDP,DNS,SF,478,1071,0.0
8,UDP,DNS,SF,491,938,0.0
10,UDP,DNS,SF,181,683,0.0
8,TCP,HTTP,SF,568,1043,0.0
9,UDP,HTTP,SF,468,1115,0.0
12,UDP,FTP,SF,365,804,0.0
8,TCP,FTP,SF,592,940,0.0
11,UDP,DNS,SF,563,1107,0.0
7,TCP,DNS,S0,467,685,0.0
11,UDP,DNS,SF,384,870,0.0
12,TCP,FTP,SF,517,1075,0.0
5,UDP,HTTP,SF,512,1221,0.0
8,UDP,HTTP,SF,592,1437,0.0
11,TCP,DNS,SF,455,1391,0.0
9,TCP,DNS,SF,619,1028,0.0
10,UDP,DNS,SF,445,903,0.0
8,TCP,DNS,SF,365,1184,0.0
10,TCP,FTP,SF,386,891,0.0
9,TCP,HTTP,SF,493,847,0.0
12,TCP,DNS,SF,493,938,0.0
72,UDP,FTP,REJ,10926,55,1.0
10,UDP,DNS,SF,490,1082,0.0
9,TCP,DNS,SF,597,879,0.0
9,TCP,HTTP,SF,473,1017,0.0
9,TCP,DNS,SF,300,1318,0.0
41,TCP,HTTP,SF,9141,50,1.0
9,UDP,HTTP,SF,299,1303,0.0
10,UDP,HTTP,REJ,527,1240,0.0
14,TCP,FTP,SF,605,1118,0.0
11,TCP,FTP,S0,401,929,0.0
9,TCP,HTTP,S0,641,1208,0.0
12,UDP,DNS,SF,584,950,0.0
9,TCP,HTTP,SF,620,999,0.0
5,UDP,DNS,REJ,518,1066,0.0
7,TCP,HTTP,SF,400,998,0.0
6,UDP,DNS,SF,578,855,0.0
9,TCP,FTP,REJ,437,694,0.0
10,UDP,DNS,SF,511,1191,0.0
13,TCP,HTTP,SF,482,1114,0.0
10,TCP,FTP,SF,612,655,0.0
9,TCP,DNS,SF,573,850,0.0
11,UDP,DNS,SF,491,1035,0.0
5,TCP,DNS,SF,304,1088,0.0
10,UDP,DNS,SF,436,696,0.0
11,UDP,DNS,SF,570,982,0.0
7,TCP,FTP,SF,528,1107,0.0
12,TCP,FTP,SF,349,929,0.0
10,TCP,FTP,SF,319,1051,0.0
9,UDP,FTP,SF,519,902,0.0
11,TCP,HTTP,SF,394,1181,0.0
14,UDP,FTP,SF,403,840,0.0
10,UDP,DNS,SF,567,771,0.0
10,TCP,DNS,S0,620,1005,0.0
9,TCP,FTP,SF,424,713,0.0
8,TCP,DNS,SF,495,578,0.0
11,TCP,FTP,SF,492,1216,0.0
8,TCP,DNS,SF,483,803,0.0
10,TCP,HTTP,SF,504,733,0.0
9,UDP,HTTP,SF,575,837,0.0
10,UDP,FTP,SF,432,828,0.0
10,UDP,FTP,SF,347,971,0.0
12,TCP,FTP,SF,669,781,0.0
8,UDP,DNS,SF,608,1099,0.0
9,UDP,FTP,SF,389,1129,0.0
8,UDP,HTTP,SF,513,745,0.0
9,UDP,DNS,SF,601,876,0.0
10,UDP,FTP,SF,574,895,0.0
11,TCP,DNS,SF,546,966,0.0
8,TCP,DNS,SF,482,1216,0.0
11,UDP,FTP,SF,672,1228,0.0
12,UDP,DNS,SF,522,1499,0.0
10,UDP,HTTP,SF,448,546,0.0
13,TCP,HTTP,SF,587,815,0.0
38,TCP,DNS,SF,13715,44,1.0
7,UDP,FTP,S0,534,639,0.0
63,TCP,DNS,SF,11332,32,1.0
12,TCP,HTTP,SF,549,1029,0.0
11,UDP,DNS,SF,402,1036,0.0
9,TCP,DNS,SF,354,744,0.0
10,TCP,HTTP,SF,643,909,0.0
7,UDP,DNS,SF,524,1349,0.0
14,TCP,DNS,SF,577,990,0.0
10,TCP,FTP,S0,324,911,0.0
10,UDP,FTP,SF,606,1081,0.0
11,TCP,HTTP,S0,447,961,0.0
10,TCP,HTTP,SF,419,1069,0.0
10,UDP,HTTP,SF,493,830,0.0
53,UDP,FTP,SF,11642,51,1.0
10,UDP,HTTP,SF,499,871,0.0
13,TCP,HTTP,SF,486,639,0.0
12,UDP,HTTP,SF,606,1096,0.0
13,TCP,FTP,SF,651,753,0.0
8,UDP,DNS,SF,648,967,0.0
50,TCP,HTTP,SF,12508,49,1.0
9,UDP,DNS,SF,406,700,0.0
10,UDP,HTTP,SF,272,1120,0.0
12,UDP,DNS,SF,380,940,0.0
6,UDP,FTP,SF,435,806,0.0
13,TCP,FTP,SF,541,1404,0.0
9,UDP,HTTP,SF,448,999,0.0
9,UDP,DNS,SF,450,886,0.0
7,TCP,FTP,REJ,518,843,0.0
6,UDP,HTTP,SF,329,1176,0.0
11,TCP,HTTP,SF,416,877,0.0
10,UDP,FTP,SF,449,1151,0.0
7,UDP,FTP,SF,479,999,0.0
7,UDP,HTTP,SF,507,1223,0.0
9,TCP,DNS,SF,650,791,0.0
13,UDP,DNS,SF,590,819,0.0
9,UDP,DNS,SF,423,943,0.0
6,UDP,HTTP,S0,473,960,0.0
46,TCP,FTP,SF,11351,47,1.0
9,TCP,HTTP,SF,448,1526,0.0
4,UDP,FTP,SF,527,1412,0.0
9,TCP,DNS,SF,314,1059,0.0
9,UDP,DNS,S0,588,1083,0.0
11,UDP,FTP,SF,669,952,0.0
13,UDP,FTP,SF,473,790,0.0
12,UDP,HTTP,SF,471,963,0.0
9,UDP,DNS,SF,515,1154,0.0
7,UDP,HTTP,SF,601,1261,0.0
15,UDP,HTTP,SF,467,1199,0.0
10,TCP,HTTP,SF,593,698,0.0
10,TCP,DNS,SF,548,942,0.0
9,TCP,HTTP,SF,736,706,0.0
45,TCP,HTTP,SF,6917,60,1.0
9,TCP,HTTP,SF,302,917,0.0
8,TCP,HTTP,SF,356,990,0.0
8,TCP,HTTP,SF,501,1096,0.0
9,UDP,HTTP,SF,602,1553,0.0
8,UDP,DNS,SF,434,1053,0.0
8,UDP,HTTP,REJ,476,952,0.0
10,UDP,FTP,SF,568,751,0.0
9,TCP,HTTP,SF,403,1291,0.0
13,TCP,HTTP,SF,438,963,0.0
21,UDP,DNS,SF,13022,50,1.0
12,UDP,DNS,SF,617,1221,0.0
12,TCP,FTP,SF,654,907,0.0
5,UDP,FTP,SF,342,721,0.0
9,UDP,DNS,S0,485,1054,0.0
9,UDP,DNS,SF,640,877,0.0
7,UDP,HTTP,SF,539,1007,0.0
8,TCP,DNS,SF,451,1209,0.0
7,UDP,FTP,SF,345,669,0.0
13,UDP,HTTP,SF,615,1052,0.0
11,TCP,FTP,SF,536,1151,0.0
12,TCP,HTTP,SF,352,1161,0.0
66,UDP,DNS,SF,9623,56,1.0
7,TCP,FTP,SF,339,1083,0.0
8,UDP,HTTP,SF,477,1240,0.0
10,UDP,HTTP,SF,473,1068,0.0
7,TCP,DNS,SF,661,976,0.0
11,UDP,DNS,SF,473,1227,0.0
9,UDP,DNS,SF,473,861,0.0
9,UDP,FTP,SF,363,694,0.0
11,UDP,HTTP,SF,435,959,0.0
10,TCP,DNS,SF,418,1107,0.0
9,TCP,FTP,SF,423,1207,0.0
12,UDP,FTP,SF,500,1106,0.0
7,TCP,FTP,SF,256,1167,0.0
11,UDP,DNS,SF,348,1209,0.0
11,UDP,DNS,SF,488,932,0.0
9,UDP,HTTP,SF,512,970,0.0
10,UDP,HTTP,SF,476,1257,0.0
7,UDP,DNS,SF,495,757,0.0
58,TCP,FTP,S0,9020,38,1.0
9,UDP,FTP,SF,498,856,0.0
8,TCP,FTP,SF,543,1220,0.0
38,TCP,HTTP,SF,11156,38,1.0
8,UDP,FTP,S0,431,1001,0.0
39,UDP,HTTP,SF,8565,47,1.0
6,UDP,HTTP,SF,515,784,0.0
11,UDP,FTP,SF,623,1043,0.0
7,UDP,FTP,SF,643,963,0.0
13,TCP,DNS,SF,355,1106,0.0
5,UDP,DNS,SF,414,1385,0.0
13,UDP,FTP,S0,581,878,0.0
10,TCP,HTTP,SF,333,760,0.0
9,TCP,HTTP,SF,642,838,0.0
8,UDP,HTTP,SF,465,953,0.0
10,TCP,HTTP,SF,557,1012,0.0
9,UDP,HTTP,SF,488,1022,0.0
12,TCP,DNS,SF,360,1360,0.0
10,TCP,FTP,SF,605,1324,0.0
10,UDP,DNS,SF,775,1260,0.0
9,TCP,HTTP,SF,448,1502,0.0
9,TCP,HTTP,SF,467,1164,0.0
10,TCP,HTTP,SF,235,1221,0.0
6,TCP,HTTP,SF,635,1160,0.0
7,TCP,FTP,SF,591,1128,0.0
11,TCP,HTTP,SF,326,1078,0.0
10,UDP,FTP,SF,293,920,0.0
9,UDP,HTTP,S0,305,750,0.0
10,TCP,FTP,SF,564,973,0.0
10,UDP,DNS,SF,574,1113,0.0
8,UDP,HTTP,SF,407,1014,0.0
49,UDP,FTP,SF,10099,47,1.0
10,TCP,DNS,SF,515,966,0.0
56,UDP,HTTP,SF,10517,43,1.0
10,TCP,HTTP,SF,597,987,0.0
6,UDP,HTTP,SF,379,1098,0.0
12,TCP,FTP,SF,614,1141,0.0
10,TCP,FTP,SF,427,899,0.0
10,UDP,DNS,SF,678,1196,0.0
11,UDP,FTP,SF,399,1226,0.0
13,TCP,FTP,SF,464,1064,0.0
12,UDP,HTTP,SF,505,1132,0.0
6,UDP,HTTP,SF,505,1196,0.0
7,UDP,HTTP,SF,549,780,0.0
8,TCP,HTTP,SF,371,1210,0.0
10,TCP,HTTP,SF,496,841,0.0
11,UDP,HTTP,SF,513,861,0.0
54,UDP,HTTP,SF,6806,49,1.0
10,UDP,DNS,SF,540,571,0.0
8,TCP,DNS,SF,365,1035,0.0
8,TCP,DNS,SF,467,1196,0.0
7,UDP,DNS,SF,424,670,0.0
8,UDP,HTTP,SF,467,1217,0.0
7,UDP,DNS,SF,644,860,0.0
8,UDP,HTTP,SF,646,1041,0.0
12,UDP,DNS,SF,627,889,0.0
8,UDP,FTP,SF,453,1114,0.0
15,TCP,DNS,SF,590,1204,0.0
10,UDP,DNS,SF,511,1129,0.0
10,TCP,HTTP,SF,504,999,0.0
8,UDP,DNS,SF,492,904,0.0
11,UDP,FTP,SF,675,986,0.0
8,TCP,HTTP,SF,636,1131,0.0
10,TCP,HTTP,SF,574,1138,0.0
15,TCP,DNS,SF,482,1110,0.0
9,TCP,HTTP,SF,503,743,0.0
12,UDP,HTTP,SF,553,995,0.0
8,TCP,HTTP,REJ,447,873,0.0
9,UDP,HTTP,SF,593,1132,0.0
13,TCP,HTTP,SF,407,847,0.0
8,UDP,HTTP,SF,539,1090,0.0
13,UDP,FTP,SF,271,943,0.0
11,UDP,DNS,SF,444,624,0.0
8,UDP,FTP,SF,707,1186,0.0
11,UDP,HTTP,SF,603,994,0.0
11,UDP,HTTP,SF,653,1255,0.0
11,TCP,DNS,SF,433,666,0.0
6,UDP,FTP,SF,510,941,0.0
8,TCP,DNS,SF,628,956,0.0
9,TCP,FTP,S0,563,1054,0.0
9,UDP,HTTP,SF,550,734,0.0
11,TCP,DNS,SF,663,1108,0.0
50,UDP,DNS,S0,6713,77,1.0
7,TCP,HTTP,SF,481,1094,0.0
10,UDP,DNS,REJ,324,1018,0.0
11,TCP,FTP,SF,390,724,0.0
11,UDP,FTP,SF,607,845,0.0
65,UDP,FTP,SF,11460,48,1.0
11,UDP,FTP,SF,573,894,0.0
10,UDP,HTTP,SF,665,1205,0.0
9,TCP,DNS,REJ,482,1106,0.0
6,UDP,FTP,SF,551,1538,0.0
10,TCP,HTTP,SF,574,803,0.0
10,TCP,DNS,SF,377,1006,0.0
10,TCP,DNS,SF,438,723,0.0
7,UDP,HTTP,SF,399,555,0.0
7,TCP,HTTP,SF,446,1144,0.0
12,TCP,FTP,SF,571,1099,0.0
9,TCP,DNS,SF,440,829,0.0
11,UDP,DNS,SF,496,1018,0.0
10,UDP,HTTP,SF,395,874,0.0
10,TCP,DNS,SF,622,901,0.0
11,UDP,FTP,SF,445,935,0.0
8,UDP,DNS,SF,652,820,0.0
10,TCP,HTTP,SF,506,856,0.0
9,TCP,HTTP,SF,359,862,0.0
9,UDP,FTP,SF,482,1084,0.0
9,TCP,FTP,SF,393,445,0.0
10,UDP,DNS,SF,558,954,0.0
43,UDP,DNS,SF,7889,59,1.0
12,UDP,HTTP,SF,516,789,0.0
8,UDP,FTP,SF,463,894,0.0
9,UDP,FTP,SF,444,997,0.0
9,UDP,FTP,SF,402,957,0.0
12,TCP,DNS,SF,583,787,0.0
10,TCP,FTP,SF,482,1144,0.0
12,UDP,HTTP,SF,468,819,0.0
7,UDP,HTTP,SF,480,853,0.0
66,UDP,DNS,SF,9335,18,1.0
53,TCP,DNS,SF,10026,38,1.0
10,UDP,FTP,SF,520,877,0.0
12,TCP,DNS,SF,396,412,0.0
8,UDP,HTTP,SF,411,822,0.0
12,UDP,FTP,SF,637,1032,0.0
14,TCP,HTTP,SF,463,1137,0.0
9,TCP,FTP,REJ,444,984,0.0
9,UDP,DNS,SF,365,904,0.0
12,UDP,FTP,SF,585,1458,0.0
13,UDP,FTP,REJ,394,925,0.0
8,TCP,HTTP,SF,498,1122,0.0
9,TCP,HTTP,S0,329,732,0.0
9,TCP,FTP,SF,581,781,0.0
7,TCP,DNS,SF,617,1129,0.0
8,TCP,DNS,SF,548,1208,0.0
7,TCP,HTTP,SF,346,922,0.0
8,UDP,DNS,SF,583,630,0.0
9,UDP,HTTP,SF,417,966,0.0
10,TCP,DNS,SF,382,1037,0.0
13,UDP,FTP,SF,461,1019,0.0
8,UDP,HTTP,SF,459,887,0.0
11,TCP,HTTP,SF,449,969,0.0
9,UDP,FTP,S0,627,850,0.0
9,TCP,HTTP,SF,701,777,0.0
11,TCP,DNS,SF,363,1151,0.0
7,UDP,DNS,SF,431,1019,0.0
10,TCP,HTTP,SF,514,969,0.0
10,TCP,DNS,SF,461,898,0.0
10,TCP,HTTP,SF,539,963,0.0
10,TCP,FTP,SF,591,1032,0.0
14,TCP,HTTP,SF,574,1345,0.0
48,TCP,FTP,SF,11048,39,1.0
8,TCP,DNS,SF,665,866,0.0
8,TCP,FTP,SF,341,868,0.0
8,UDP,DNS,SF,648,837,0.0
8,UDP,HTTP,SF,458,959,0.0
12,UDP,DNS,SF,578,837,0.0
12,TCP,HTTP,SF,397,1094,0.0
8,TCP,HTTP,SF,409,471,0.0
8,UDP,FTP,SF,566,1107,0.0
10,UDP,FTP,SF,307,1055,0.0
8,UDP,FTP,SF,598,1252,0.0
11,TCP,FTP,SF,625,1175,0.0
10,UDP,DNS,SF,517,863,0.0
6,UDP,DNS,SF,514,1152,0.0
13,TCP,DNS,SF,416,966,0.0
13,UDP,HTTP,SF,567,613,0.0
8,TCP,DNS,SF,534,1031,0.0
9,TCP,DNS,SF,407,875,0.0
10,TCP,DNS,SF,460,1000,0.0
10,UDP,FTP,SF,484,1330,0.0
11,UDP,DNS,SF,460,1044,0.0
14,TCP,HTTP,SF,363,796,0.0
9,UDP,FTP,SF,569,1192,0.0
8,UDP,HTTP,SF,475,1072,0.0
7,UDP,DNS,SF,501,772,0.0
8,UDP,FTP,SF,442,678,0.0
9,TCP,HTTP,SF,547,804,0.0
13,UDP,DNS,SF,519,1167,0.0
8,TCP,HTTP,SF,621,939,0.0
10,TCP,HTTP,SF,548,1016,0.0
9,UDP,HTTP,SF,479,732,0.0
12,TCP,DNS,SF,426,1172,0.0
15,UDP,DNS,SF,586,596,0.0
8,UDP,HTTP,SF,471,868,0.0
9,TCP,FTP,SF,482,1083,0.0
12,TCP,FTP,SF,482,775,0.0
11,TCP,DNS,SF,459,1122,0.0
13,TCP,DNS,SF,484,826,0.0
11,UDP,DNS,REJ,692,754,0.0
9,UDP,DNS,SF,395,1257,0.0
11,UDP,DNS,SF,418,1030,0.0
12,TCP,FTP,SF,638,1103,0.0
11,TCP,DNS,SF,462,1203,0.0
11,TCP,HTTP,SF,454,476,0.0
12,UDP,HTTP,SF,603,1126,0.0
12,TCP,FTP,SF,357,847,0.0
12,UDP,HTTP,SF,582,874,0.0
11,TCP,FTP,SF,504,1087,0.0
9,UDP,FTP,SF,546,927,0.0
10,UDP,HTTP,SF,544,1118,0.0
55,TCP,DNS,SF,8639,37,1.0
8,TCP,HTTP,SF,605,1033,0.0
10,UDP,HTTP,SF,444,901,0.0
9,UDP,FTP,SF,540,787,0.0
10,TCP,HTTP,SF,623,851,0.0
12,TCP,FTP,REJ,637,979,0.0
10,UDP,DNS,SF,473,1367,0.0
10,TCP,DNS,SF,546,1294,0.0
7,UDP,DNS,SF,464,869,0.0
11,UDP,HTTP,SF,750,1012,0.0
11,TCP,FTP,SF,578,942,0.0
14,TCP,DNS,SF,508,1026,0.0
9,TCP,FTP,SF,531,1051,0.0
74,TCP,FTP,SF,6003,58,1.0
10,TCP,DNS,SF,543,419,0.0
13,UDP,DNS,SF,476,1073,0.0
9,UDP,FTP,SF,460,920,0.0
10,TCP,DNS,SF,484,859,0.0
11,TCP,FTP,SF,386,1158,0.0
49,TCP,FTP,SF,8247,54,1.0
9,UDP,DNS,SF,419,1137,0.0
10,TCP,HTTP,SF,394,896,0.0
12,TCP,DNS,SF,498,784,0.0
7,UDP,HTTP,SF,486,398,0.0
10,UDP,FTP,SF,524,1036,0.0
8,TCP,FTP,SF,443,1115,0.0
12,TCP,HTTP,SF,460,979,0.0
6,TCP,FTP,SF,569,1186,0.0
8,UDP,HTTP,SF,563,735,0.0
10,TCP,HTTP,REJ,558,965,0.0
13,TCP,FTP,SF,503,949,0.0
9,TCP,HTTP,S0,516,977,0.0
8,UDP,DNS,S0,523,1233,0.0
13,UDP,DNS,SF,434,979,0.0
7,TCP,FTP,SF,647,941,0.0
5,TCP,FTP,SF,633,812,0.0
10,UDP,HTTP,SF,579,1265,0.0
8,UDP,HTTP,SF,457,713,0.0
7,UDP,HTTP,SF,553,889,0.0
11,UDP,HTTP,SF,597,1338,0.0
10,UDP,DNS,REJ,377,1093,0.0
8,UDP,DNS,SF,669,995,0.0
7,UDP,FTP,SF,326,1004,0.0
11,UDP,HTTP,SF,570,810,0.0
11,UDP,HTTP,SF,645,986,0.0
9,TCP,FTP,SF,488,930,0.0
13,TCP,HTTP,SF,484,1035,0.0
7,TCP,HTTP,SF,566,698,0.0
6,UDP,HTTP,SF,685,1079,0.0
74,TCP,HTTP,S0,7436,39,1.0
9,UDP,HTTP,SF,421,959,0.0
10,UDP,FTP,SF,457,1129,0.0
9,TCP,HTTP,SF,344,1062,0.0
65,UDP,FTP,SF,12087,64,1.0
7,TCP,HTTP,SF,448,788,0.0
12,TCP,DNS,S0,479,816,0.0
9,TCP,DNS,SF,590,1058,0.0
12,UDP,DNS,SF,462,988,0.0
10,TCP,DNS,SF,575,1255,0.0
10,UDP,FTP,SF,396,1158,0.0
11,TCP,FTP,SF,595,1157,0.0
10,TCP,HTTP,SF,534,1052,0.0
11,TCP,DNS,SF,491,807,0.0
12,UDP,FTP,SF,513,1065,0.0
10,UDP,HTTP,SF,371,1012,0.0
11,UDP,HTTP,SF,510,772,0.0
9,TCP,FTP,SF,485,1241,0.0
12,TCP,DNS,SF,374,1220,0.0
8,UDP,HTTP,SF,432,771,0.0
13,UDP,DNS,SF,487,872,0.0
9,UDP,DNS,SF,439,890,0.0
7,UDP,DNS,SF,258,1121,0.0
10,UDP,HTTP,SF,607,1098,0.0
8,UDP,DNS,SF,485,1008,0.0
11,TCP,HTTP,SF,272,1054,0.0
8,UDP,DNS,SF,713,742,0.0
9,TCP,HTTP,S0,624,1076,0.0
6,TCP,DNS,SF,465,979,0.0
9,UDP,FTP,S0,415,864,0.0
5,UDP,DNS,SF,540,693,0.0
6,TCP,DNS,SF,520,1005,0.0
11,UDP,HTTP,SF,554,1071,0.0
11,UDP,HTTP,SF,416,659,0.0
10,TCP,DNS,S0,609,1003,0.0
8,TCP,FTP,SF,452,1024,0.0
9,TCP,FTP,SF,568,889,0.0
9,UDP,HTTP,SF,420,1075,0.0
39,TCP,FTP,REJ,12727,30,1.0
13,UDP,DNS,SF,569,1056,0.0
11,TCP,HTTP,SF,788,1106,0.0
9,TCP,DNS,SF,582,1106,0.0
10,TCP,HTTP,SF,443,1203,0.0
10,UDP,HTTP,SF,582,1067,0.0
5,UDP,HTTP,SF,590,904,0.0
9,TCP,HTTP,SF,537,870,0.0
8,TCP,FTP,SF,563,787,0.0
7,TCP,DNS,SF,576,1030,0.0
9,UDP,DNS,S0,400,1264,0.0
13,TCP,DNS,SF,393,928,0.0
11,UDP,HTTP,SF,420,1089,0.0
8,TCP,FTP,SF,512,849,0.0
11,TCP,DNS,SF,477,1038,0.0
